headlines,datetime
Tesla's Stock Price Just Plunged. Is Now the Time to Invest?,April 20 2024 — 11:41 am EDT
Should You Buy Tesla Stock Before Aug. 8?,April 20 2024 — 10:05 am EDT
Forget Tesla: Here Are 2 Better "Magnificent Seven" Stocks to Buy in April, April 20 2024 — 03:30 am EDT
Broader Market Retreats on Middle East Strife and Tech Stock Weakness, April 19 2024 — 06:06 pm EDT
What Can Investors Expect From Big Tech Earnings?, April 19 2024 — 05:39 pm EDT
Why EV and Renewable Energy Stocks Collapsed This Week, April 19 2024 — 02:57 pm EDT
Tesla Recalls Cybertrucks Over Faulty Accelerator Pedals, April 19 2024 — 01:53 pm EDT
Why VinFast Auto Stock Collapsed This Week, April 19 2024 — 01:46 pm EDT
Invest in the Planet: 3 Sustainable Stocks for Earth Day 2024, April 19 2024 — 11:17 am EDT
Are These Beaten-Down S&P 500 Members Worth a Buy?, April 19 2024 — 10:15 am EDT
Dismal Delivery Count to Limit Tesla's (TSLA) Q1 Earnings, April 19 2024 — 09:28 am EDT
Tesla Inc. (TSLA) Is a Trending Stock: Facts to Know Before Betting on It, April 19 2024 — 09:00 am EDT
Pre-Market Most Active for Apr 19 2024 : SQQQ TQQQ TSLL TSLA RWOD IBIT NIO TRTL TSM UL PLTR NKE, April 19 2024 — 08:28 am EDT
Validea Detailed Fundamental Analysis - TSLA, April 19 2024 — 08:05 am EDT
Stock Index Futures Slip as Middle East Tensions Weigh Netflix Shares Plunge, April 19 2024 — 07:08 am EDT