headlines,datetime,link
Tesla's Stock Price Just Plunged. Is Now the Time to Invest?,"April 20, 2024 — 11:41 am EDT",https://www.nasdaq.com/articles/teslas-stock-price-just-plunged.-is-now-the-time-to-invest
Should You Buy Tesla Stock Before Aug. 8?,"April 20, 2024 — 10:05 am EDT",https://www.nasdaq.com/articles/should-you-buy-tesla-stock-before-aug.-8
Could Rivian Become the Next Tesla?,"April 20, 2024 — 03:35 am EDT",https://www.nasdaq.com/articles/could-rivian-become-the-next-tesla-2
"Forget Tesla: Here Are 2 Better ""Magnificent Seven"" Stocks to Buy in April","April 20, 2024 — 03:30 am EDT",https://www.nasdaq.com/articles/forget-tesla%3A-here-are-2-better-magnificent-seven-stocks-to-buy-in-april
Broader Market Retreats on Middle East Strife and Tech Stock Weakness,"April 19, 2024 — 06:06 pm EDT",https://www.nasdaq.com/articles/broader-market-retreats-on-middle-east-strife-and-tech-stock-weakness
What Can Investors Expect From Big Tech Earnings?,"April 19, 2024 — 05:39 pm EDT",https://www.nasdaq.com/articles/what-can-investors-expect-from-big-tech-earnings
Tesla's Stock Price Just Plunged. Is Now the Time to Invest?,"April 20, 2024 — 11:41 am EDT",https://www.nasdaq.com/articles/teslas-stock-price-just-plunged.-is-now-the-time-to-invest
Should You Buy Tesla Stock Before Aug. 8?,"April 20, 2024 — 10:05 am EDT",https://www.nasdaq.com/articles/should-you-buy-tesla-stock-before-aug.-8
Could Rivian Become the Next Tesla?,"April 20, 2024 — 03:35 am EDT",https://www.nasdaq.com/articles/could-rivian-become-the-next-tesla-2
"Forget Tesla: Here Are 2 Better ""Magnificent Seven"" Stocks to Buy in April","April 20, 2024 — 03:30 am EDT",https://www.nasdaq.com/articles/forget-tesla%3A-here-are-2-better-magnificent-seven-stocks-to-buy-in-april
Broader Market Retreats on Middle East Strife and Tech Stock Weakness,"April 19, 2024 — 06:06 pm EDT",https://www.nasdaq.com/articles/broader-market-retreats-on-middle-east-strife-and-tech-stock-weakness
What Can Investors Expect From Big Tech Earnings?,"April 19, 2024 — 05:39 pm EDT",https://www.nasdaq.com/articles/what-can-investors-expect-from-big-tech-earnings
Tesla's Stock Price Just Plunged. Is Now the Time to Invest?,"April 20, 2024 — 11:41 am EDT",https://www.nasdaq.com/articles/teslas-stock-price-just-plunged.-is-now-the-time-to-invest
Should You Buy Tesla Stock Before Aug. 8?,"April 20, 2024 — 10:05 am EDT",https://www.nasdaq.com/articles/should-you-buy-tesla-stock-before-aug.-8
Could Rivian Become the Next Tesla?,"April 20, 2024 — 03:35 am EDT",https://www.nasdaq.com/articles/could-rivian-become-the-next-tesla-2
"Forget Tesla: Here Are 2 Better ""Magnificent Seven"" Stocks to Buy in April","April 20, 2024 — 03:30 am EDT",https://www.nasdaq.com/articles/forget-tesla%3A-here-are-2-better-magnificent-seven-stocks-to-buy-in-april
Broader Market Retreats on Middle East Strife and Tech Stock Weakness,"April 19, 2024 — 06:06 pm EDT",https://www.nasdaq.com/articles/broader-market-retreats-on-middle-east-strife-and-tech-stock-weakness
What Can Investors Expect From Big Tech Earnings?,"April 19, 2024 — 05:39 pm EDT",https://www.nasdaq.com/articles/what-can-investors-expect-from-big-tech-earnings
Why EV and Renewable Energy Stocks Collapsed This Week,"April 19, 2024 — 02:57 pm EDT",https://www.nasdaq.com/articles/why-ev-and-renewable-energy-stocks-collapsed-this-week
Tesla Recalls Cybertrucks Over Faulty Accelerator Pedals,"April 19, 2024 — 01:53 pm EDT",https://www.nasdaq.com/articles/tesla-recalls-cybertrucks-over-faulty-accelerator-pedals
Why VinFast Auto Stock Collapsed This Week,"April 19, 2024 — 01:46 pm EDT",https://www.nasdaq.com/articles/why-vinfast-auto-stock-collapsed-this-week
Invest in the Planet: 3 Sustainable Stocks for Earth Day 2024,"April 19, 2024 — 11:17 am EDT",https://www.nasdaq.com/articles/invest-in-the-planet%3A-3-sustainable-stocks-for-earth-day-2024
Are These Beaten-Down S&P 500 Members Worth a Buy?,"April 19, 2024 — 10:15 am EDT",https://www.nasdaq.com/articles/are-these-beaten-down-sp-500-members-worth-a-buy
Dismal Delivery Count to Limit Tesla's (TSLA) Q1 Earnings,"April 19, 2024 — 09:28 am EDT",https://www.nasdaq.com/articles/dismal-delivery-count-to-limit-teslas-tsla-q1-earnings
"Tesla, Inc. (TSLA) Is a Trending Stock: Facts to Know Before Betting on It","April 19, 2024 — 09:00 am EDT",https://www.nasdaq.com/articles/tesla-inc.-tsla-is-a-trending-stock%3A-facts-to-know-before-betting-on-it-15
"Pre-Market Most Active for Apr 19, 2024 : SQQQ, TQQQ, TSLL, TSLA, RWOD, IBIT, NIO, TRTL, TSM, UL, PLTR, NKE","April 19, 2024 — 08:28 am EDT",https://www.nasdaq.com/articles/pre-market-most-active-for-apr-19-2024-%3A-sqqq-tqqq-tsll-tsla-rwod-ibit-nio-trtl-tsm-ul
Validea Detailed Fundamental Analysis - TSLA,"April 19, 2024 — 08:05 am EDT",https://www.nasdaq.com/articles/validea-detailed-fundamental-analysis-tsla-43
"Stock Index Futures Slip as Middle East Tensions Weigh, Netflix Shares Plunge","April 19, 2024 — 07:08 am EDT",https://www.nasdaq.com/articles/stock-index-futures-slip-as-middle-east-tensions-weigh-netflix-shares-plunge
"Tesla Stock Going Down to $115, According to 1 Wall Street Analyst","April 19, 2024 — 06:40 am EDT",https://www.nasdaq.com/articles/tesla-stock-going-down-to-%24115-according-to-1-wall-street-analyst
"2 Popular Artificial Intelligence (AI) Stocks to Sell Before They Drop 29% and 77%, According to Certain Wall Street Analysts","April 19, 2024 — 04:15 am EDT",https://www.nasdaq.com/articles/2-popular-artificial-intelligence-ai-stocks-to-sell-before-they-drop-29-and-77-according
"Tesla Below $150: What Comes Next, According to Canaccord","April 18, 2024 — 08:53 pm EDT",https://www.nasdaq.com/articles/tesla-below-%24150%3A-what-comes-next-according-to-canaccord
3 Transportation Stocks to Buy Now: Q2 Edition,"April 18, 2024 — 02:54 pm EDT",https://www.nasdaq.com/articles/3-transportation-stocks-to-buy-now%3A-q2-edition
3 Auto Stocks to Buy Now: Q2 Edition,"April 18, 2024 — 01:59 pm EDT",https://www.nasdaq.com/articles/3-auto-stocks-to-buy-now%3A-q2-edition
"Nasdaq 100 Movers: TSLA, ABNB","April 18, 2024 — 10:31 am EDT",https://www.nasdaq.com/articles/nasdaq-100-movers%3A-tsla-abnb
Tesla To Cut 285 Jobs At Buffalo Plants; Musk Apologizes For 'incorrectly Low' Severance Packages,"April 18, 2024 — 10:21 am EDT",https://www.nasdaq.com/articles/tesla-to-cut-285-jobs-at-buffalo-plants-musk-apologizes-for-incorrectly-low-severance
Insights Into Tesla (TSLA) Q1: Wall Street Projections for Key Metrics,"April 18, 2024 — 09:15 am EDT",https://www.nasdaq.com/articles/insights-into-tesla-tsla-q1%3A-wall-street-projections-for-key-metrics
"Pre-Market Most Active for Apr 18, 2024 : TSLL, SQQQ, TSLA, TQQQ, TSM, AMD, UAL, KMI, LAC, T, NIO, SNOW","April 18, 2024 — 08:28 am EDT",https://www.nasdaq.com/articles/pre-market-most-active-for-apr-18-2024-%3A-tsll-sqqq-tsla-tqqq-tsm-amd-ual-kmi-lac-t-nio
3 Short-Squeeze Stocks to Buy for 100% Returns in Q2 2024,"April 18, 2024 — 08:27 am EDT",https://www.nasdaq.com/articles/3-short-squeeze-stocks-to-buy-for-100-returns-in-q2-2024
Guru Fundamental Report for TSLA,"April 18, 2024 — 08:06 am EDT",https://www.nasdaq.com/articles/guru-fundamental-report-for-tsla-123
3 Artificial Intelligence Stocks With More Potential Than Any Cryptocurrency,"April 18, 2024 — 06:05 am EDT",https://www.nasdaq.com/articles/3-artificial-intelligence-stocks-with-more-potential-than-any-cryptocurrency-1
Tesla's Price Cuts and Layoffs Indicate There's More Downside in the Stock,"April 18, 2024 — 06:03 am EDT",https://www.nasdaq.com/articles/teslas-price-cuts-and-layoffs-indicate-theres-more-downside-in-the-stock
Tesla Balance Sheet Analysis: Stock Price Decline Will Not Put Company in Financial Distress,"April 18, 2024 — 05:30 am EDT",https://www.nasdaq.com/articles/tesla-balance-sheet-analysis%3A-stock-price-decline-will-not-put-company-in-financial
"Is This ""Magnificent Seven"" Stock a Good Contrarian Buy?","April 18, 2024 — 05:15 am EDT",https://www.nasdaq.com/articles/is-this-magnificent-seven-stock-a-good-contrarian-buy
"2 Growth Stocks That Turned $10,000 Into More Than $100,000 in Just 10 Years","April 18, 2024 — 05:10 am EDT",https://www.nasdaq.com/articles/2-growth-stocks-that-turned-%2410000-into-more-than-%24100000-in-just-10-years
You Won't Believe What Federal Reserve Chairman Jerome Powell Just Did!,"April 18, 2024 — 05:00 am EDT",https://www.nasdaq.com/articles/you-wont-believe-what-federal-reserve-chairman-jerome-powell-just-did
"Tesla Stock Has 85% Downside, According to 1 Wall Street Analyst","April 18, 2024 — 04:45 am EDT",https://www.nasdaq.com/articles/tesla-stock-has-85-downside-according-to-1-wall-street-analyst
Tesla (TSLA) Sees a More Significant Dip Than Broader Market: Some Facts to Know,"April 17, 2024 — 05:45 pm EDT",https://www.nasdaq.com/articles/tesla-tsla-sees-a-more-significant-dip-than-broader-market%3A-some-facts-to-know
3 Electric Vehicle Stocks to Buy in April and Hold Forever,"April 17, 2024 — 05:25 pm EDT",https://www.nasdaq.com/articles/3-electric-vehicle-stocks-to-buy-in-april-and-hold-forever
Not Sold on Tesla’s Robotaxis? 3 Self-Driving Car Stocks to Buy Instead.,"April 17, 2024 — 03:20 pm EDT",https://www.nasdaq.com/articles/not-sold-on-teslas-robotaxis-3-self-driving-car-stocks-to-buy-instead.
Options Alert: 3 Stocks Primed for a Major Move in April,"April 17, 2024 — 01:44 pm EDT",https://www.nasdaq.com/articles/options-alert%3A-3-stocks-primed-for-a-major-move-in-april
Elon Musk’s Next Billion-Dollar Venture Is in Motion Right Now,"April 17, 2024 — 01:43 pm EDT",https://www.nasdaq.com/articles/elon-musks-next-billion-dollar-venture-is-in-motion-right-now
"Noteworthy Wednesday Option Activity: TSLA, TRV, DHR","April 17, 2024 — 01:32 pm EDT",https://www.nasdaq.com/articles/noteworthy-wednesday-option-activity%3A-tsla-trv-dhr
2 Underperforming AI Stocks to Buy Now as Nvidia’s Rally Stalls,"April 17, 2024 — 12:02 pm EDT",https://www.nasdaq.com/articles/2-underperforming-ai-stocks-to-buy-now-as-nvidias-rally-stalls
Huge News for Tesla Stock Investors,"April 17, 2024 — 11:00 am EDT",https://www.nasdaq.com/articles/huge-news-for-tesla-stock-investors-4
Markets Try to Shake Off April Blues,"April 17, 2024 — 10:32 am EDT",https://www.nasdaq.com/articles/markets-try-to-shake-off-april-blues
Forget the RIVN Stock Naysayers. Rivian Is Poised to Become the EV King.,"April 17, 2024 — 09:37 am EDT",https://www.nasdaq.com/articles/forget-the-rivn-stock-naysayers.-rivian-is-poised-to-become-the-ev-king.
See Which Of The Latest 13F Filers Holds Tesla,"April 17, 2024 — 09:33 am EDT",https://www.nasdaq.com/articles/see-which-of-the-latest-13f-filers-holds-tesla-12
"Billionaire David Tepper Thinks the ""Magnificent Seven"" Is Really a Fabulous Five","April 17, 2024 — 09:30 am EDT",https://www.nasdaq.com/articles/billionaire-david-tepper-thinks-the-magnificent-seven-is-really-a-fabulous-five
CyberArk and Manitowoc have been highlighted as Zacks Bull and Bear of the Day,"April 17, 2024 — 08:55 am EDT",https://www.nasdaq.com/articles/cyberark-and-manitowoc-have-been-highlighted-as-zacks-bull-and-bear-of-the-day
TSLA Factor-Based Stock Analysis,"April 17, 2024 — 08:07 am EDT",https://www.nasdaq.com/articles/tsla-factor-based-stock-analysis-37
"3 Unstoppable Growth ETFs to Turn $100 per Month Into $500,000 or More","April 17, 2024 — 06:00 am EDT",https://www.nasdaq.com/articles/3-unstoppable-growth-etfs-to-turn-%24100-per-month-into-%24500000-or-more
"Cathie Wood Believes This Fast-Paced Artificial Intelligence (AI) Stock Can Skyrocket 1,138%, but Congress' Most Active Stock Trader Is Selling Shares","April 17, 2024 — 05:50 am EDT",https://www.nasdaq.com/articles/cathie-wood-believes-this-fast-paced-artificial-intelligence-ai-stock-can-skyrocket-1138
How Will Tesla's Earnings Trend After A Tough Q1 Delivery Report?,"April 17, 2024 — 05:32 am EDT",https://www.nasdaq.com/articles/how-will-teslas-earnings-trend-after-a-tough-q1-delivery-report
Is Your Ford Stock Dividend Safe Amid the EV Price War?,"April 16, 2024 — 09:07 pm EDT",https://www.nasdaq.com/articles/is-your-ford-stock-dividend-safe-amid-the-ev-price-war
Stocks Close Mixed on Hawkish Fed Comments,"April 16, 2024 — 06:19 pm EDT",https://www.nasdaq.com/articles/stocks-close-mixed-on-hawkish-fed-comments
Piedmont Lithium (PLL) Pops on Big News But There’s a Problem,"April 16, 2024 — 02:35 pm EDT",https://www.nasdaq.com/articles/piedmont-lithium-pll-pops-on-big-news-but-theres-a-problem
Stocks Mixed as Hawkish Fed Comments Push Bond Yields Higher,"April 16, 2024 — 01:14 pm EDT",https://www.nasdaq.com/articles/stocks-mixed-as-hawkish-fed-comments-push-bond-yields-higher
Why Rivian Stock Bounced Back on Tuesday,"April 16, 2024 — 12:42 pm EDT",https://www.nasdaq.com/articles/why-rivian-stock-bounced-back-on-tuesday
3 EV Stocks to Buy on Weakness Before the Turnaround,"April 16, 2024 — 12:34 pm EDT",https://www.nasdaq.com/articles/3-ev-stocks-to-buy-on-weakness-before-the-turnaround
Stocks Mixed on Rising Bond Yields,"April 16, 2024 — 11:37 am EDT",https://www.nasdaq.com/articles/stocks-mixed-on-rising-bond-yields-0
Why Tesla Stock Keeps Falling,"April 16, 2024 — 11:10 am EDT",https://www.nasdaq.com/articles/why-tesla-stock-keeps-falling-0
Bear of the Day: Tesla (TSLA),"April 16, 2024 — 10:41 am EDT",https://www.nasdaq.com/articles/bear-of-the-day%3A-tesla-tsla-0
"Nasdaq 100 Movers: TSLA, AMD","April 16, 2024 — 10:22 am EDT",https://www.nasdaq.com/articles/nasdaq-100-movers%3A-tsla-amd
Earnings Preview: Tesla (TSLA) Q1 Earnings Expected to Decline,"April 16, 2024 — 10:00 am EDT",https://www.nasdaq.com/articles/earnings-preview%3A-tesla-tsla-q1-earnings-expected-to-decline
"Company News for Apr 16, 2024","April 16, 2024 — 09:29 am EDT",https://www.nasdaq.com/articles/company-news-for-apr-16-2024
Tesla (TSLA) to Cut Jobs by 10% to Manage Costs Amid Low EV Sales,"April 16, 2024 — 08:31 am EDT",https://www.nasdaq.com/articles/tesla-tsla-to-cut-jobs-by-10-to-manage-costs-amid-low-ev-sales
Tesla's Latest Price Cut Looks Desperate,"April 16, 2024 — 08:30 am EDT",https://www.nasdaq.com/articles/teslas-latest-price-cut-looks-desperate
TSLA Quantitative Stock Analysis,"April 16, 2024 — 08:09 am EDT",https://www.nasdaq.com/articles/tsla-quantitative-stock-analysis-35
1 Wall Street Analyst Thinks Tesla Stock Is Going to $120. Is It a Sell?,"April 16, 2024 — 08:07 am EDT",https://www.nasdaq.com/articles/1-wall-street-analyst-thinks-tesla-stock-is-going-to-%24120.-is-it-a-sell
"Stock Index Futures Tick Lower Ahead of U.S. Economic Data, U.S. Bank Earnings and Powell Speech on Tap","April 16, 2024 — 07:16 am EDT",https://www.nasdaq.com/articles/stock-index-futures-tick-lower-ahead-of-u.s.-economic-data-u.s.-bank-earnings-and-powell
